{
"items":[
  [
    {
      "id": 1,
      "Name": "Nike Air Force 1 Mid QS",
      "Category": "Kid's",
      "Color": 1,
      "Price": 2599,
      "MRP": 6999,
      "Tag": ["SustainableMaterials"],
      "Size": ["6", "7", "8", "9", "11.5"],
      "Img": "img/Nike Air Force 1 Mid QS.webp",
      "Type": ["AirForce"],
      "ColorTag": ["green"]
  },
  {
      "id": 2,
      "Name": "Nike Air Force 1 Mid React",
      "Category": "Kid's",
      "Color": 3,
      "Price": 11956,
      "MRP": 22569,
      "Size": ["6", "7", "8", "10"],
      "Tag": ["SustainableMaterials"],
      "Img": "img/Nike Air Force 1 Mid React.webp",
      "Type": ["AirForce"],
      "ColorTag": ["white"]
  },
  {
      "id": 3,
      "Name": "Nike Air Force 1'07 LV8",
      "Category": "Sport's",
      "Color": 2,
      "Price": 8556,
      "MRP": 12857,
      "Size": ["7", "8", "9", "11.5"],
      "Tag": ["PromoExclusion"],
      "Img": "img/Nike Air Force 1'07 LV8.webp",
      "Type": ["AirForce"],
      "ColorTag": ["black"]
  },
  {
      "id": 4,
      "Name": "Nike Air Max 90 GTX",
      "Category": "Men's",
      "Color": 3,
      "Price": 15423,
      "MRP": 20854,
      "Tag": ["PromoExclusion"],
      "Size": ["6", "7", "10", "11.5"],
      "Img": "img/Nike Air Max 90 GTX.webp",
      "Type": ["AirMax"],
      "ColorTag": ["grey"]
  },
  {
      "id": 5,
      "Name": "Nike Air Max 90 SE",
      "Category": "Men's",
      "Color": 1,
      "Price": 12723,
      "MRP": 15953,
      "Tag": ["InJust"],
      "Size": ["7", "9", "10", "11.5"],
      "Img": "img/Nike Air Max 90 SE.webp",
      "Type": ["AirMax"],
      "ColorTag": ["white"]
  },
  {
      "id": 6,
      "Name": "Nike Air Max 95 SE",
      "Category": "Sport's",
      "Color": 2,
      "Price": 18723,
      "MRP": 2953,
      "Tag": ["InJust"],
      "Size": ["6", "7", "8", "11.5"],
      "Img": "img/Nike Air Max 95 SE.webp",
      "Type": ["AirMax"],
      "ColorTag": ["red"]
  },
  {
      "id": 7,
      "Name": "Nike Air Max 97 SE",
      "Category": "Kid's",
      "Color": 1,
      "Price": 7723,
      "MRP": 9253,
      "Tag": ["InJust"],
      "Size": ["6", "8", "9", "10"],
      "Img": "img/Nike Air Max 97 SE.webp",
      "Type": ["AirMax"],
      "ColorTag": ["grey"]
  },
  {
      "id": 8,
      "Name": "Nike Air Max 97 SE 2",
      "Category": "Men's",
      "Color": 2,
      "Price": 6323,
      "MRP": 9274,
      "Tag": ["InJust"],
      "Size": [6, 8, 10, 11.5],
      "Img": "img/Nike Air Max 97 SE.jpg",
      "Type": ["AirMax"],
      "ColorTag": ["yellow"]
  },
  {
      "id": 9,
      "Name": "Nike Air Max 270",
      "Category": "Kid's",
      "Color": 3,
      "Price": 9323,
      "MRP": 12274,
      "Tag": ["SustainableMaterials"],
      "Size": [8, 9, 10, 11.5],
      "Img": "img/Nike Air Max 270.webp",
      "Type": ["AirMax"],
      "ColorTag": ["blue"]
  },
  {
      "id": 10,
      "Name": "Nike Air Max Flyknit Racer",
      "Category": "Men's",
      "Color": 2,
      "Price": 48323,
      "MRP": 52274,
      "Tag": ["SustainableMaterials"],
      "Size": [6, 7, 8, 10, 11.5],
      "Img": "img/Nike Air Max Flyknit Racer.webp",
      "Type": ["AirMax"],
      "ColorTag": ["black"]
  },
  {
      "id": 11,
      "Name": "Nike Air Max TW",
      "Category": "Kid's",
      "Color": 1,
      "Price": 23323,
      "MRP": 28274,
      "Tag": ["PromoExclusion"],
      "Size": [7, 9, 10, 11.5],
      "Img": "img/Nike Air Max TW.webp",
      "Type": ["AirMax"],
      "ColorTag": ["red"]
  },
  {
      "id": 12,
      "Name": "Nike Air More Uptempo '96",
      "Category": "Men's",
      "Color": 3,
      "Price": 78451,
      "MRP": 98456,
      "Tag": ["SustainableMaterials"],
      "Size": ["6", "8", "10", "11.5"],
      "Img": "img/Nike Air More Uptempo '96.webp",
      "Type": ["NikeDunk"],
      "ColorTag": ["blue"]
  },
  {
      "id": 13,
      "Name": "Nike Air Pegasus 83 Premium",
      "Category": "Men's",
      "Color": 2,
      "Price": 56451,
      "MRP": 73456,
      "Tag": ["InJust"],
      "Size": [6, 7, 8, 9],
      "Img": "img/Nike Air Pegasus 83 Premium.webp",
      "Type": ["Pegasus"],
      "ColorTag": ["grey"]
  },
  {
      "id": 14,
      "Name": "Nike Air Zoom Pegasus 39 Shield",
      "Category": "Men's",
      "Color": 1,
      "Price": 24451,
      "MRP": 29456,
      "Tag": ["InJust"],
      "Size": [6, 8, 9, 11.5],
      "Size6": 6,
      "Size7": 0,
      "Size8": 8,
      "Size9": 9,
      "Size10": 0,
      "Size11.5": 11.5,
      "Img": "img/Nike Air Zoom Pegasus 39 Shield.webp",
      "Type": ["ZoomRival"],
      "ColorTag": ["black"]
  },
  {
      "id": 15,
      "Name": "Nike Blazer Low '77 Jumbo",
      "Category": "Kid's",
      "Color": 2,
      "Price": 12451,
      "MRP": 18456,
      "Tag": ["InJust"],
      "Size": [8, 9, 10, 11.5],
      "Img": "img/Nike Blazer Low '77 Jumbo.webp",
      "Type": ["Loafer"],
      "ColorTag": ["white"]
  },
  {
      "id": 16,
      "Name": "Nike Blazer Mid '77 Premium",
      "Category": "Men's",
      "Color": 3,
      "Price": 45451,
      "MRP": 69456,
      "Tag": ["InJust"],
      "Size": [6, 8, 9, 10, 11.5],
      "Img": "img/Nike Blazer Mid '77 Premium.webp",
      "Type": ["Boots"],
      "ColorTag": ["brown"]
  },
  {
      "id": 17,
      "Name": "Nike Invincible Run 2",
      "Category": "Sport's",
      "Color": 2,
      "Price": 14451,
      "MRP": 18456,
      "Tag": ["InJust"],
      "Size": [6, 7, 8, 11.5],
      "Img": "img/Nike Invincible Run 2.webp",
      "Type": ["Boots"],
      "ColorTag": ["black"]
  },
  {
      "id": 18,
      "Name": "NikeDunk 8",
      "Category": "Men's",
      "Color": 2,
      "Price": 19451,
      "MRP": 25456,
      "Tag": ["InJust"],
      "Size": [6, 8, 9, 11.5],
      "Img": "img/Nike Metcon 8.webp",
      "Type": ["NikeDunk"],
      "ColorTag": ["green"]
  },
  {
      "id": 19,
      "Name": "Nike Pegasus 39",
      "Category": "Sport's",
      "Color": 3,
      "Price": 28451,
      "MRP": 36456,
      "Tag": ["InJust"],
      "Size": [6, 7, 10, 11.5],
      "Img": "img/Nike Pegasus 39.webp",
      "Type": ["Pegasus"],
      "ColorTag": ["orange"]
  },
  {
      "id": 20,
      "Name": "Nike React Infinity Run Flyknit 3",
      "Category": "Sport's",
      "Color": 1,
      "Price": 45451,
      "MRP": 52456,
      "Tag": ["SustainableMaterials"],
      "Size": [9, 7, 6, 10, 11.5],
      "Img": "img/Nike React Infinity Run Flyknit 3.webp",
      "Type": ["Loafer"],
      "ColorTag": ["white"]
  },
  {
      "id": 21,
      "Name": "Aldo Girl's Keesha Boots",
      "Category": "Women's",
      "Color": 1,
      "Price": 4544,
      "MRP": 1524,
      "Tag": ["SustainableMaterials"],
      "Size": [10, 9, 6, 11.5],
      "Img": "img/women boots 1.jpg",
      "Type": ["Boots"],
      "ColorTag": ["brown"]
  },
  {
      "id": 76,
      "Name": "Casual Chelsea Boots For Women Girlss",
      "Category": "Women's",
      "Color": 1,
      "Price": 2544,
      "MRP": 4524,
      "Tag": ["InJust"],
      "Size": [11.5, 7, 8, 10, 6],
      "Img": "img/women boots 2.jpg",
      "Type": ["Boots"],
      "ColorTag": ["black"]
  },
  {
      "id": 22,
      "Name": "Womens Western - Embellished Colour Blocked Sneakers w700",
      "Category": "Women's",
      "Color": 1,
      "Price": 2544,
      "MRP": 4524,
      "Tag": ["InJust"],
      "Size": [6, 7, 8, 10, 11.5],
      "Img": "img/woomen dunk 1.jpg",
      "Type": ["NikeDunk"],
      "ColorTag": ["red"]
  },
  {
      "id": 23,
      "Name": "Womens WMNS Zoom Winflo 7 Running Shoe",
      "Category": "Women's",
      "Color": 1,
      "Price": 3544,
      "MRP": 4524,
      "Tag": ["InJust"],
      "Size": ["6", "7", "10", "11.5"],
      "Img": "img/woomen dunk 2.jpg",
      "Type": ["NikeDunk"],
      "ColorTag": ["purple"]
  },
  {
      "id": 24,
      "Name": "Womens Ultraboost 22 W Running Shoe",
      "Category": "Women's",
      "Color": 1,
      "Price": 3544,
      "MRP": 4524,
      "Tag": ["InJust"],
      "Size": ["6", "7", "11.5"],
      "Img": "img/woomen dunk 3.jpg",
      "Type": ["NikeDunk"],
      "ColorTag": ["black"]
  },{
    "id": 25,
    "Name": "Pegasus 40Women's Road Running Shoes (Wide)",
    "Category": "Women's",
    "Color": 1,
    "Price": 3544,
    "MRP": 4524,
    "Tag": ["InJust"],
    "Size": ["6", "7", "11.5"],
    "Img": "img/woomen pegasus.webp",
    "Type": ["Pegasus"],
    "ColorTag": ["#E75480"]
},
{
    "id": 26,
    "Name": "Pegasus 50Women's Running Shoes (Wide)",
    "Category": "Women's",
    "Color": 1,
    "Price": 3544,
    "MRP": 4524,
    "Tag": ["InJust"],
    "Size": ["6", "11.5"],
    "Img": "img/woomen pegasus2.webp",
    "Type": ["Pegasus"],
    "ColorTag": ["black"]
},
{
    "id": 27,
    "Name": "Women Comfortable Metallic Loafer Mules",
    "Category": "Women's",
    "Color": 1,
    "Price": 3544,
    "MRP": 4524,
    "Tag": ["InJust"],
    "Size": ["7", "11.5"],
    "Img": "img/woomen loafer 1.jpg",
    "Type": ["Loafer"],
    "ColorTag": ["#B5651D"]
},
{
    "id": 28,
    "Name": "Sparx Women's Loafers woomen",
    "Category": "Women's",
    "Color": 1,
    "Price": 3544,
    "MRP": 4524,
    "Tag": ["InJust"],
    "Size": ["7", "11.5"],
    "Img": "img/woomen loafer 2.jpg",
    "Type": ["Loafer"],
    "ColorTag": ["#f76490"]
}
]]}